id,x1,y1,x2,y2
00afa3a3b075465d9684b655d3e65776,-76.97, 36.9896,-76.0835, 37.4543
0161b9c9bfc849ad94e449b3ec8da8ef,-180, -89,180, 89
01ac746567634fc39ed1487ff8a55ee9,-180, -89,180, 89
01fcf9ccf71c4b5bb6883340bff35f24,-77.0351, 37.0371,-75.9069, 37.4438
02056af0c8e64fc69a04389f94b8d991,-180, -70.7319,180, 90
0284ade75b354783a10f5cce55d44e2a,-78.0349, 36.4256,-75.2686, 38.279
03033424feed42b38d9e0d4850320286,-77.1508, 37.2567,-76.2644, 37.7198
03a6085f7b984b7791007df6b68e7a55,-76.7536, 36.653,-75.9481, 37.0396
04754c4c48514801aadcc569072b7258,-76.828, 36.6527,-75.9318, 37.5149
0522c229ac9941689554771a88c918e5,-76.9445, 36.9715,-75.8164, 37.3703
05a8ca7b2a8d4600b2e2c0a0f41f9382,-76.8774, 36.5502,-75.9236, 37.3549
06175089f94d48c297e13724db6c4dba,-76.5963, 36.7656,-75.878, 37.0686
06496ff8e9ca4848b6c573b577d2af2b,-76.462, 36.6506,-75.7891, 37.0944
076f9afc24234ab5a44dd6e17b6077b6,-76.4346, 36.8889,-76.4069, 36.9038
07fa95d8cca74bc7a7d4b52084e0a922,-82.8104088190641, 14.999999999684217,-47.11469922310003, 54.08050870380949
0826468e23f44695a36564276716eb9e,-76.8883, 36.5614,-75.8946, 37.4467
098a83293bc0400998efc589a454576c,-76.8887, 36.5417,-75.894, 37.4628
0a269a7a8d0d4fb1bc0688e4499f5be1,-77.6803, 37.1025,-75.9074, 37.979
0a4cfa4c62f24ce78608a25f4095c639,-77.1607, 36.6523,-75.8947, 37.7695
0a4def7405df4e2ebd21091f28f00159,-76.636, 36.9669,-76.1928, 37.2011
0aa6a1d9a5794fa195bd665396b71d3e,-76.6438, 36.6453,-75.9256, 36.9317
0ace8d21fa93403a83fc695133a391c4,-90.2049, 30.4444,-63.2884, 45.4566
0b102a4c5f674e5ca73b8cdc0cd1a031,-180, -90,180, 90
0b595fec1e3b45c893f3d8fe682ba778,-78.0349, 36.4256,-75.2686, 38.279
0c1ea8eb42e0497880a8271b8fab1241,-78.0349, 36.4256,-75.2686, 38.279
0c58654ae5e54a8fafb9953824ecc016,-76.3138, 36.8769,-76.2584, 36.9063
0ceb0727f94d44d9b5dc4631227688fe,-76.4253, 36.8253,-76.0662, 36.9228
0cf6852e8a7645c499ec91b50b79b9c9,-76.8080464926507, 36.714324981214,-76.1878786924469, 37.3818874237667
0d48e73f1b1e4824a2c8fbb0f2f80b9e,-78.0349, 36.4256,-75.2686, 38.279
0d61594d8d26491cae09481e68284dc2,-76.7601, 36.6756,-75.8737, 37.1204
0eb3fb080a1a41409a133e80548ab442,-76.87, 36.6917,-75.9734, 37.6722
0f2668a105b24a49a4df9a3d75fc92be,-76.795, 36.9607,-76.2898, 37.4135
0f4957193e944655b5e1eeca6d0db5aa,-76.7887, 36.6112,-75.9023, 37.0783
1122528778ff4bfa8556e453f839eab9,-76.7515, 37.02,-76.302, 37.424
117334714ea14a39b08f9f9fe4c2bd48,-77.3634999999922, 36.70109999999624,-75.39419999999237, 37.586699999996185
1217b17093074ee081ea4812eba81c80,-77.3417, 36.6947,-75.5688, 37.5694
12320701576344a6aaa279777cc9b445,-76.3286, 36.8852,-76.3033, 36.8928
1370dbd62e0545faa7d9321e8082f0ef,-76.6775, 36.7869,-75.9978, 37.1425
14af0bf9fee7446eb76b5e44d7fb988f,-50, -50,50, 50
153034b7a6474c39aad8a39f70770cdd,-77.3635, 36.7011,-75.3942, 37.5867
15c9cc4393cb4d258258d9ab1a5ad4b8,-76.6483, 36.7647,-75.9563, 37.2166
15dd83ea85de49a095a9b8ec072ff62c,-77.1015, 36.5921,-75.6499, 37.4538
167b7f923455449fb3f8c629c6fc2e70,-76.7055, 36.7565,-75.9476, 37.3128
16879fc16f094179b21218d67ef4afbd,-77.1657, 36.5401,-75.8364, 37.4638
16c6e00685764812931b4bb29e9313bd,-76.4632, 36.7703,-76.1737, 36.9486
16cc0db43287488188ba5a063cf74f8b,-77.1608231237386, 36.64551309797665,-75.93444753634499, 37.70693084081796
1727ff8496214e8e817e9d70b4067d7e,-76.4141, 36.9072,-76.1619, 37.0528
17ae46956b1942569bfcc1d8aa26d6c6,-78.0349, 36.4256,-75.2686, 38.279
17d4902d3e6340dab098cda873e6e515,-78.4667, 36.3103,-74.9208, 38.1687
17eb0810573f4f48b11b6d95cd6c2f2e,-77.3634999999922, 36.70109999999624,-75.39419999999237, 37.586699999996185
183e02251b3c4fbfbe465b9dec25d7d6,-77.2653, 36.6769,-75.4924, 37.6106
187de11b22904803b75a7a274d58e6b2,-76.8883, 36.5614,-75.8946, 37.4467
189f4831253244ff927401d10aa69626,-76.8913, 36.6239,-76.4629, 36.8022
18db6b29c2c74e97968879799c98dcad,-77.2793, 36.9191,-75.8278, 37.5848
196507d5df11464b9936393cf9d02a04,-76.8082, 36.6046,-75.9217, 37.0717
19913ae1f642476d8d39f83ff7d713eb,-77.2833, 36.6377,-75.5104, 37.5686
1ab9b698cb614e92a91fd870d0786f44,-77.1609, 36.7647,-75.9354, 37.7335
1b0a46a0c38f45dd9d18c821c280b1c7,-76.73018318041136, 36.66073035548626,-76.01992289297488, 37.61817818258675
1b7fb4c4395d41f4bebf29fc4a06f712,-77.8244, 36.2766,-74.7811, 38.017
1b93b9729c344307946a605b70a7ceed,-77.3362, 36.5692,-75.5633, 37.5064
1ba90f910ff646fdacba1c41b33b4977,-76.69039149899999, 36.63429645300005,-75.92064637599998, 37.04456492700007
1bdb80d690a348bea3a54acc9aeb1eb6,-78.16388504506986, 36.52606694523468,-75.70982868228265, 37.80965967543788
1be77e980c81437abf9d2c7ea601d66f,-76.0741, 36.8431,-76.0706, 36.845
1bf252eba1434eb9bf4e9f2b5a860ed3,-77.156, 37.4095,-76.3019, 37.7694
1c6b28eb6d524cceba7b4665b076f50f,-77.2792, 36.5597,-75.5063, 37.448
1c8d637aa8fe4df0b9bd33afa08a9e7f,-76.9562, 36.6527,-75.931, 37.5406
1d6f408dc21d4bd18784bf67f9b5584b,-77.3383, 36.7614,-75.5654, 37.6473
1dca5af667ef41b389c8e3b4ec56dfec,-76.3374, 36.8219,-76.1451, 36.939
1f39c9d805e64470a8d21777b2a2f7c0,-77.843, 36.219,-75.47, 38.523
1faca7ebb1344447a56d0d10766b39c9,-77.1999, 37.4008,-76.3134, 37.863
202851c955414667bb625105cda952de,-77.1624, 36.6548,-75.9228, 37.7177
205de4693ffa4f538408985418190f7d,-76.5949, 36.7036,-75.975, 36.9477
2070b9aff5394dda8772ad3b0495d964,-77.1608369510246, 36.6447278127969,-75.9344356100358, 37.7688520529404
2213c41425a74dbe87920f1f8f3ddf7e,-78.1639, 36.5261,-75.7098, 37.8097
226c473a35394c56a1bb374a4253fae8,-76.941, 36.9303,-76.0546, 37.3954
234f2b0ef4ef4a81929fa332991143b0,-76.1991, 36.8369,-76.178, 36.8504
2355401602814a0ba4ef4fc20c07da24,-76.1957, 36.6212,-76.1299, 36.8977
241a71ae9f0d48bb8fc5e1fbfb88758e,-76.6486, 36.7673,-75.9564, 37.2167
248ad6c30c04418dab60fd5b444925fd,-83.741, 36.4633,-75.3115, 39.4259
25f1cf8f60884b598fe3a0f08a921121,-76.3429, 36.8243,-76.1831, 36.9013
2687522b251b48f6b722cf2053b4150d,-50, -50,50, 50
27df5ef40bda46859e4004132cc6f116,-77.038, 36.5527,-75.4423, 37.4694
28c0cec98a0b4f21b28a821a582db051,-76.87, 36.6917,-75.9734, 37.6722
297fd003ddee46da986d1f5e87f4a9f6,-77.1606328577961, 36.6447278127969,-75.9344356100358, 37.7069064370767
2a2bbb5ed4154a01a63744367e66b55d,-77.2761, 36.5852,-75.5032, 37.495
2a4fc30cbb92447c94bfb7f6bd804d7d,-76.6033, 36.9515,-76.1601, 37.1844
2a6919b57a5d4945a930e7fbe518e431,-77.8452, 36.67,-76.0285, 37.6234
2ad57f1500464ee389bcad4d4e6019f1,-77.3646, 36.5201,-75.8157, 38.046
2b043bbc25ea41fb862c312176cdad4a,-75.6607, 37.8013,-75.6496, 37.8058
2b1b41e81cfc4e1cad66bdf05b1aafc2,-77.4152, 36.7294,-75.6423, 37.6646
2b6b9bced4d04548a7d29f681678735d,-77.1658579285266, 36.5320670747571,-75.8363758466748, 37.4637889924115
2bcaa3a30d464353810285047f9c4a44,-77.1749, 36.5631,-75.8876, 37.7692
2be56c3b64f94d3ca145fd069b1ac459,-76.9561, 36.7147,-75.9055, 37.1581
2c981adbfff344538bae5f89acc61478,-88.5772, 23.9862,-60.2106, 39.7409
2cabf4fe25e644e88faf52683fc6d101,-76.6432, 36.883,-76.3068, 37.2161
2cbdddb0daa84276a01a6fcc4640c30a,-77.1608, 36.6447,-75.8567, 37.7689
2f58935e1da0457f962444c70360c97e,-76.7951, 36.6948,-75.9669, 37.3002
2f6096cb6b9e48879dd00649ce7a4664,-78.0349, 36.4256,-75.2686, 38.279
31635232ef0942dbbe36ba4e77748f3d,-77.1686, 36.6555,-75.9508, 37.7689
31671a97db874425885e5a50f7b639be,-76.9188, 36.6451,-75.8993, 37.4459
31d834b22b30471c947ab04bce2e70ae,-77.4142, 36.7541,-75.6412, 37.6402
31ec070bf55140808d90e8e667a08bb7,-179.9999885408441, -70.73185185185184,180, 90
33f5565a4ff74eea9ef7672a73e10c0a,-76.8835, 36.5712,-75.9032, 37.4446
35234d1bf824459186da67041d9474be,-76.8835, 36.5712,-75.9032, 37.4446
35375dac9c0a49eeb27dedf2e95ad44b,-50, -50,50, 50
35d0b818df0249bf93c9a43a33b9012d,-76.87276293940215, 36.569403638664745,-75.9021628589909, 37.43164926524925
361d85dd8f0b4604826a0be5858ac8c2,-77.1608231237386, 36.64551309797665,-75.93444753634499, 37.70693084081796
3669607bf37c4f8594187654f5420037,-76.8835, 36.5712,-75.9032, 37.4446
3684bb58a16b40ae8d7ee2cc9d0baa9f,-77.1046, 36.6989,-75.6531, 37.5889
373e9479427b4569a19dac98ccb43527,-77.2388, 36.7503,-75.5524, 37.3924
37a05a8d70cd430f99c9069d605b2bdb,-76.8869, 36.5417,-75.894, 37.4627
38456d512e8f4e1093d817eed8253e08,-76.9917, 37.0348,-76.7701, 37.1511
38712da10a474ba79e1a8a2d319b2037,-76.8646, 37.5216,-76.7538, 37.5798
393143c8561b481d8a8311c54a16bdfd,-75.9803, 36.767,-75.9664, 36.7743
395ae7f9c08e4b73baeae062642c0c5a,-76.828, 36.6527,-75.9318, 37.5149
39c29088554442688d2c796fc2f030f6,-76.3996516099044, 36.890943623368,-76.3207675602846, 36.9288227357549
3aa10438e1b1478d89748ee2fecd8dc0,-78.0349, 36.4256,-75.2686, 38.279
3b798a77b5414a0ab0d2160072d02713,-77.2162, 36.618,-75.4433, 37.5492
3b9e3fa7ada7429a8cbb5b6f085fa09a,-77.1607, 36.6447,-75.8947, 37.7689
3c06e19643f44817811ce379f1614b09,-76.2043, 36.8534,-76.202, 36.8616
3c6e3543c5ea4c0495c997fac31c3ba5,-76.8706, 36.6103,-75.8976, 37.529
3d167aa99715451bbbf90f6230bb2a12,-77.1749, 36.5631,-75.8876, 37.7692
3d2aa22ad3a9424f8304172cd3adcfe8,-77.0184, 36.952,-76.1319, 37.417
3d2bdd742c11401590177ff64ae43ac2,-76.1384, 36.8978,-76.1186, 36.9099
3d2f8da79f894b3bb4c93a535344aa66,-77.3221, 36.5321,-75.8213, 37.8905
3e449d4a47d54288a5d2e7352a8f6bde,-77.1608369510246, 36.6447280829944,-75.934447536345, 37.706930840818
3e8e7abd0736425eb95b91666e2c71eb,-77.3635, 36.7011,-75.3942, 37.5867
3fc1ef1bdfa146a29db29703113a8425,-77.1609, 36.7672,-75.9354, 37.7335
4145eecbc6f14562b47cde6064837c36,-76.9622, 36.9748,-76.0757, 37.4396
417f2ca9f68a4325b5933963a70f7fe9,-76.2043, 36.8534,-76.202, 36.8616
4197443a3382433e904ba227cd470b01,-80.5718, 36.6377,-75.4024, 39.4715
42e171f74bb0451d834a7835397e9ab5,-76.830728187594, 36.6875966199848,-75.9528909634471, 37.3389915050603
43b21f37298140398b94e4c229b86ff3,-76.7562, 36.5883,-75.8698, 37.0555
43ba52bca3f24586a2859a99c1b3fc29,-77.1606328577961, 36.6447278127969,-75.9344356100358, 37.7069064370767
448b00f434be433aab52b4a5fbf730c5,-77.3284, 36.4443,-75.5555, 37.3831
44bf6563f8764bf08c8363d1af60bc9c,-76.1687, 36.6132,-76.0579, 36.6732
44cbabeb88d54b7ba76ad96752cd18b0,-76.7939, 36.7322,-75.9664, 37.3002
46c4275b20bd487c9083e07b844ac2e8,-76.3338, 36.8154,-76.1398, 36.9128
47a65e2f505040f69520b1a3445017ff,-77.2296, 36.6703,-75.4567, 37.4996
47b92babeb0c4aa682e1606804216cc5,-76.8199, 36.7735,-75.9748, 37.5617
47b983e420874438a24c7bf6818713f0,-76.88047114374177, 36.56914599296272,-75.89931234100833, 37.44824869233323
47f0b09ffa474cd8926ae1cc318dc4eb,-76.8913, 36.6239,-76.4629, 36.8022
4813976613394afb9ae399c5aa846688,-76.8382, 37.5414,-76.7828, 37.571
4840197a8cfd4b93bf420fb9633320be,-180, -70.7319,180, 90
488032a4b9274677b63ec9be3df940c1,-76.5861, 36.6342,-75.4644, 37.9344
48c53cf670b74cf8986fbc425c87210d,-76.6761, 37.0216,-76.4226, 37.1394
493e9587c4ef47c0949a8499319aeb23,-76.6253, 36.7063,-75.9987, 37.1311
49ce09af78a9494a81a1778daae7097c,-78.0349, 36.4256,-75.2686, 38.279
4a05f3433c2c4ed3bd1b3e29f84e6ca3,-77.184, 36.5623,-75.8873, 37.7703
4a19fcdc5d89432bbe331086928d45a6,-76.4282, 36.7405,-75.985, 36.9619
4a4ebcfae67c4050a84927f26350d4c5,-78.0349, 36.4256,-75.2686, 38.279
4a8f244547d94c6e8c8c1f09a9e0a6d1,-76.2272, 36.8033,-76.1955, 36.8148
4aeb3aeb2e444fd68ebdcddf20e2369b,-112.35598013897282, -53.82330247887336,180, 90
4b69e2b25e6e4ad09800654881902a28,-76.6697, 36.8507,-76.2681, 37.2558
4b6d954f20d14035b1bd5520b5f1d7f1,-77.16061900215803, 36.64551431755431,-75.93443561003593, 37.70690643707671
4bd863d42cba4d88ab24530826686efe,-78.0349, 36.4256,-75.2686, 38.279
4c983c689f224af78e64f8ba4a233862,-77.1607, 36.6523,-75.8947, 37.7406
4d76e80540ca4d38a8d408cca8bb02cf,-180, -70.7319,180, 89
4e0ffe54d1d64a21a0ed3c4d4cce9bde,-77.5566, 36.7238,-75.5282, 37.6483
4e6fe3bd065a45f1a6e822135c58acfc,-76.823, 36.8593,-76.2835, 37.4138
4edc3bc40a2449468c64ebf0998c7123,-76.6291, 36.9128,-76.122, 37.1594
4f1f918baa6845248f9ce3ce98182222,-77.1688, 36.653,-75.9326, 37.7696
4ffbc6a9dea14e3a85b0d6cd84fad5bc,-76.8779892643662, 36.5709314838952,-75.9010645248492, 37.4461558549161
5001fb7490024bccb6fddc6b8c480289,-76.8951, 36.7085,-75.934, 37.4678
50035e57c887482bb0f6c559661ca3e2,-76.78876978548895, 36.6523116221355,-75.92015803640179, 37.300148421909576
50c0a4dc8961426282488536e0597c19,-77.5019169996178, 36.5437819998787,-75.8670440002616, 37.6031739998398
51397d5a672b45968dff015d1902da3f,-76.87798926436616, 36.57093148389523,-75.90106452484922, 37.44615585491614
51d383e0a0ad426593161770b448d7eb,-76.8502, 36.9147,-76.1464, 37.2817
524a341d871e4d598914ea5dcf9bf4e5,-77.2653, 36.6785,-75.4924, 37.609
537c926f01f84976a03987b91fa2ae4e,-76.4949, 36.987,-76.2733, 37.1035
538b620acefd40b588624c9f29b931b8,-76.2846, 36.8713,-76.2529, 36.8863
54514379973c448c87c60c4cf3706c3f,-76.828, 36.6527,-75.9318, 37.5149
55ee4ae566934fbda3637d80b2937d14,-76.45939889735853, 37.194984488197726,-76.44224348850453, 37.20870876964533
5618330cb04a4d5ba31b7f2093c4d8ee,-77.2504, 36.5703,-75.4294, 37.465
56474274d7bc4e3d864a6bad4d885371,-76.6146, 36.948,-76.1714, 37.1809
568fc5499d6c49398edde7c57a53a6e5,-76.5782, 36.6887,-76.1092, 37.1672
569086958b724ee5b834d4e134dee4aa,-78.0349, 36.4256,-75.2686, 38.279
56bffd03ff9b466ca6bac2fce229bd65,-179.999995508415, -88.9999999216112,179.999995508415, 88.9999999216112
57148d74470543688928ce52f8e008b5,-77.393, 36.6857,-75.3647, 37.6019
574b4bc7f07a4d5eb69dbbfe342918a7,-50, -50,50, 50
5770ba1cb8b04e1e8b7610d31a96ae15,-76.7888, 36.9606,-76.2867, 37.3002
58200b7d2d094ebdb453043656fc9ece,-77.16, 36.6847,-75.9435, 37.7173
5838c917893641558a08ad1d10cfc533,-76.8646, 37.5218,-76.7538, 37.5796
58b2bf50124740d3a8f58ba6fa3ae698,-76.7636, 36.6456,-75.9012, 37.4255
5924be7b5427443c84e3d4fb5eb8ad08,-76.7939, 36.7322,-75.9664, 37.3002
59d82778f6a84b03b5417d73bbbb7797,-76.6296, 36.4904,-75.7432, 36.9582
59fe8fd7d7e54b298ecbf7cac06848ac,-78.1639, 36.5261,-75.7098, 37.8097
5a2d6041a33144bab5d1211bdf3af7bb,-77.3362, 36.6309,-75.5633, 37.5064
5a84c6fd91884ce094e6244820763cee,-76.5861, 36.6342,-75.4644, 37.9344
5b6c7dbaf3b24a938516034e019c9747,-50, -50,50, 50
5b8e33213aca4ea9af96e3b901350329,-76.4679, 37.0266,-76.4609, 37.0303
5db15b6105db49819824cbd0c3ea4cbb,-76.9748, 37.0356,-76.8225, 37.2318
5e1135564f6341249253e1158c6225ed,-77.2023, 36.5838,-75.4293, 37.5154
5e44f6b17830472e890fa251dfbfbca9,-76.8804711437418, 36.5691459938659,-75.8993123410083, 37.4482486932443
5f5a4caa5f6640d2848b0e4888903fd2,-77.50191699961776, 36.54378199987871,-75.86704400026159, 37.603173999839804
5f73f5a102d845feb09ece9015be5a1b,-76.8307, 36.6876,-75.9529, 37.339
60a2d717ed854962b453c2c7c4dfe3fa,-76.4434, 37.0305,-76.4309, 37.0375
620f3058a8c642d487708ebb1b3d1de3,-76.569, 36.6948,-75.7025, 37.1483
62177ba28443452db5ac5066702bfc3d,-76.8202, 36.7123,-75.9366, 37.6453
621fe873a0fe45cfbf0fd90084caa2ec,-77.2432, 36.6021,-75.5461, 37.4939
6273c850dd1a490387e7a9289d5372db,-77.2504, 36.6267,-75.527, 37.4249
62869e7a6e7544789720f7bceb0ad5c0,-76.6486, 36.7673,-75.9564, 37.2167
62c5882e724547229da45f2b6ca6d1de,-80.7599, 35.5778,-72.6465, 39.3861
62fd81467ac844afad6ccca8e4ea199d,-77.1544, 36.6523,-75.8947, 37.7406
63d7d38e69784926859e413e209dc11b,-76.8192, 36.7274,-75.9966, 37.3866
6460ab68087e4846858f895172e3b4de,-77.4016, 36.6561,-75.3733, 37.5901
64fe8bdd98c14d4fb7032f8fa5140853,-76.88047114374177, 36.56914599386585,-75.89931234100833, 37.44824869324428
652dffad20db42a791b3f4e4e8ac7fce,-77.9406, 36.1041,-74.7271, 37.7897
6531194150f344aca43ce7555379940d,-76.1725, 36.6669,-76.1708, 36.6677
66456406563948da981dac642e16d94a,-77.2799, 36.555,-75.507, 37.4869
667d7764280c481aaeeba87cbf89d2fc,-76.4547, 37.1993,-76.4409, 37.2065
686ff21a672e49ac8d5f8550812943cb,-140, -60,140, 60
68c3967285c04a8eaaa3778648229934,-76.5034, 37.0699,-76.3351, 37.1738
698d7a13b65e4b4f87751e21da4c0f70,-78.0349, 36.4256,-75.2686, 38.279
6a6e0b19a42549e798e192387e8afd4a,-76.941, 36.9399,-76.0546, 37.3859
6bc2c6e389dd42299a0f57c66b614861,-76.6372, 36.5268,-75.7356, 36.922
6c24b7cefe464aeb89798a3076afbf79,-76.8883, 36.5614,-75.8946, 37.4467
6c2d75ce85034c95a3368c1bc9cf42e5,-77.1606328577961, 36.6447278127969,-75.9344356100358, 37.7069064370767
6d0fb7441fc7464ca8635d5179d6fff1,-76.8867, 36.6385,-75.8941, 37.4595
6d16b74e8d3646a499e916c33f9d66bc,-77.168, 36.414,-75.674, 37.989
6d3ea886397e48be8c0b6fb54e5606eb,-77.7521, 36.076,-74.5386, 37.9985
6dc74187389646f684b6959d4d60356e,-76.1139, 36.8829,-76.0505, 36.9141
6dd6b6c146cd46ec9b313c46880fd874,-180, -70.7319,180, 89
6dfac57d5cf4405c9bccf828d7d16466,-78.0349, 36.4256,-75.2686, 38.279
6ec5c0ae21ca4debb4fdba6e061ae57a,-76.9249, 36.6622,-75.9669, 37.4145
6fb096d613a14d90bab377785fa5e3d7,-76.8883, 36.5614,-75.8946, 37.4467
7012dfc117e1466b92148daab7976b57,-77.1562, 36.5912,-75.9333, 37.7452
716267ad56024513ab1f3dcc7e174416,-77.1544, 36.6523,-75.8947, 37.7406
718686e1801c4b6abd9edbbf8e74df42,-76.9748, 37.0356,-76.8225, 37.2318
71e2a96191b94d468e8f0af880e63118,-77.1686, 36.6555,-75.9508, 37.7689
7247f1ebd3f4458ea7e6b0a158c74864,-77.1834, 36.4137,-70.786, 43.2634
72cfe49f1e964ac2819c2f4fa800efd6,-76.8804711437418, 36.5691459938659,-75.8993123410083, 37.4482486932443
72de326447e645bfb0eb51c4f024d6cf,-76.4482495747657, 36.8758298197053,-76.4043176835227, 36.9065289867291
7471769e43ba436fabe8bb63103a90c3,-78.1639, 36.5261,-75.7098, 37.8097
7569918e9e8d42518e061451681f9166,-76.80695098260094, 36.71542693490619,-76.18787869244689, 37.38188742376667
75e927eb261a41279424767438173cf4,-76.6486, 36.7673,-75.9564, 37.2167
76d902b27ee048068918fe3e0e97619c,-50, -50,50, 50
775eac9e556a41f0a4197770497949e7,-78.5096, 36.2998,-74.9638, 38.1693
778484d81376439097ffea9bcb40cd8a,-77.2804, 36.7368,-75.5075, 37.6665
78fb8d36022f4468b861fc1567c1190c,-77.0535, 37.0991,-75.9254, 37.5055
79597faafc6642428fa500cd084142fd,-76.799, 36.7487,-75.9126, 37.1931
7a3ca2cff88047dd82ba1dac4eed866c,-83.67560437831796, 36.50757957152913,-75.24415296985413, 39.46586648919965
7a6e509c4be84f61905ec2834b6d044e,-76.123, 36.7682,-76.1228, 36.7683
7ae78711462a4bd79c6a2a7bc3d4bd20,-78.0349, 36.4256,-75.2686, 38.279
7b074e408ae34ee4b98e21af124f7ec5,-77.3634999999922, 36.70109999999624,-75.39419999999237, 37.586699999996185
7b178f8b451e408687510eb6dc3e8e65,-77.3635, 36.7011,-75.3942, 37.5867
7b2feccd7f7248b894d5ad4a7c72922d,-77.1657, 36.5401,-75.8364, 37.4638
7b419a2be7224e3a96cc9a7c6625efaa,-76.7301831804114, 36.6607303554863,-76.019922892975, 37.6181781825867
7bcbaeb26aca4839a62e7b4e7354757c,-78.0349, 36.4256,-75.2686, 38.279
7bf295d4c5b34429b12547c2f7840feb,-76.6431571750766, 36.8829601841571,-76.3067914716827, 37.21605687453
7c846e48bb77457e9d7663f67058abc1,-76.332, 36.8215,-76.0247, 37.0183
7cd615366a3e4fd59d59ee68933d5798,-76.8186, 36.7029,-75.9369, 37.4395
7ced2d586a7d49139e0ab0f2beb37c18,-77.16061900215803, 36.64551431755431,-75.93443561003593, 37.70690643707671
7d26bf0d24ab4821a3842a23c6dd235b,-76.8274, 36.6523,-75.9024, 37.5144
7de3621b91fa4f85b86c6a3d92137b5c,-77.1608369510246, 36.6447278127969,-75.9344356100358, 37.7688520529404
7de54c2ed3ff413d9966fceebbf1f668,-77.2162, 36.618,-75.4433, 37.5492
7e03d6f028e34505829bab5e205310a1,-78.0349, 36.4256,-75.2686, 38.279
805047968dde4dd88a2eb4dadddbc215,-78.0349, 36.4256,-75.2686, 38.279
8070299e8d184074950f535f315f0c34,-180, -85,180, 85
80f6be8d99884d0f8ae5c5406e783c42,-77.445, 36.5628,-75.6721, 37.4947
8199cd371f614a35b3579b380bbf12c0,-76.9727, 37.029,-76.6502, 37.2313
81bb149398ec4292a76da9981dc98e79,-77.3815, 36.6184,-75.6085, 37.5496
829b53fd382247bdaa19f7d0ad07a32d,-77.3843, 36.707,-75.6113, 37.6371
8378b9deeab94bb7aa28fd092652bf71,-76.8489, 36.5502,-76.0691, 37.3549
841999f82c024072b29ffba963a738b2,-76.8199, 36.7735,-75.9748, 37.5617
843b2ed398c7469384edbd84655b9725,-76.3214, 36.8867,-76.266, 36.916
8479240633e846d7bc3997e527d33e49,-76.6483, 36.7647,-75.9563, 37.2166
847f8ae61b664fe198f5c445a93325f8,-77.1884, 36.8056,-75.5693, 37.4832
84b4c7b084bb4cd9a240dbf3d9a48ed2,-76.5825, 36.6342,-75.987, 37.18
84b6f3f211d6482090901ca49d5ae580,-180, -70.7319,180, 90
86211ac74b504f63a0fbec634560d5cc,-77.38, 36.6037,-75.6071, 37.535
863e6593b0844669a76cf838f64d7353,-77.2189, 36.5693,-75.4459, 37.5011
86caa2a5b7764d73935f06ca80b62081,-76.7026, 36.6237,-75.8161, 37.0935
8730a2ab099f4988a56f11923328c6aa,-76.8489, 17.2131,109.9069, 37.3549
877f98e527ad4605bc7e0a6819e53bcf,-77.2653, 36.6785,-75.4924, 37.609
87c12589bc954dd9a2b81edcebd20d8b,-77.3635, 36.7011,-75.3942, 37.5867
87cce17edd2444dcb35ed7d23e127156,-77.2653, 36.6758,-75.4924, 37.6117
87d81a1038e7440cb54f80afa547c233,-180, -85,180, 85
87e7aa913f9846ac8ce96a3d8bb09e85,-77.3702, 36.5316,-75.747, 37.9743
8826d9daec654687ba87a35dcc944d6b,-77.34901539823925, 37.50832326601729,-76.28448817406955, 37.91088783857668
8840ae6cf18a486e85ebb7955c796cd2,-78.0349, 36.4256,-75.2686, 38.279
8874697c82384d929351801b61703ae4,-77.1422621921458, 36.7729962973422,-75.9742459230103, 37.706973946891
88861dfbc252460f980270714f2735b7,-76.9682, 36.5503,-75.8679, 37.712
88d6705528194c6ba1d0d48d5cefa28d,-76.9307, 36.5431,-76.4032, 36.9283
89b1b2cb0ac84d0ebafad50ac47243c0,-112.35598013897282, -53.82330247887336,180, 90
89d33f5bdbb344b48b342f51773ab0d0,-77.16061900215803, 36.64551431755431,-75.93443561003593, 37.70690643707671
89ed045b329f4cb8a8cbfc0a6621d679,-76.698343326237, 36.8384481928772,-76.2511179852727, 37.2604008500076
8b1620bf629b4ba480b1727683848735,-77.1657, 36.5401,-75.8364, 37.4638
8b33f043375e4e83885580618e8d84bf,-76.3204, 36.8353,-76.3005, 36.845
8b648f71edd442b8a2cbdeed1969fd36,-180, -70.7319,180, 89
8bfcb42cc0b64b149305b91b89c87f2e,-75.9888, 36.763,-75.9611, 36.7769
8c27bd98fcdf4ca78dbedb6121e7b713,-78.0349, 36.4256,-75.2686, 38.279
8c6efc1c80df4bd3a044e3bbcc21068b,-76.5071, 36.644,-76.0639, 36.8778
8c865d2dcec34cacbcd0de24c15f105a,-76.3298, 36.8772,-76.3021, 36.8902
8c902a8cedd84713bd879f95a64c6c95,-76.8774, 36.5502,-75.9236, 37.3549
8d0a294296e248f390790ec8f1a034ab,-77.4142, 36.7321,-75.6412, 37.6619
8d7e5c0c096d4002a6606e287fa0d5af,-77.4379, 36.7414,-75.6649, 37.7189
8dba81f5796548bca4af7d473a08d10e,-77.2162, 36.618,-75.4433, 37.5492
8dd0f12c7e684cdc830a3ce971078708,-112.35598013897282, -53.82330247887336,180, 90
8eee1900f3774a03b7fde0046a506a3b,-76.7528, 36.6568,-75.9524, 36.9484
8f06286c4a7e49ad95143553b69bf0f3,-76.5127, 36.7725,-75.9635, 37.1267
8f454257c3354cc5ac82ebd81ebe86ee,-77.393, 36.6857,-75.3647, 37.6019
8f9e59855c0e435991ab923b5a6812e0,-78.0349, 36.4256,-75.2686, 38.279
900f4a4cce7d456c9fa9e1587bd70c2c,-76.9188, 36.6452,-75.8993, 37.5273
901dabd739de4088b1cadf69049cc180,-50, -50,50, 50
902c963a060147e2b617704b93ec8c9a,-76.828, 36.6527,-75.931, 37.5388
90f2e679993447dfa3f75215a07720bb,-140, -60,140, 60
92f00929ebec41baa517e36ee468866d,-78.0349, 36.4256,-75.2686, 38.279
9315dda3dd924fff9fb49d472a698a49,-76.8204, 36.4038,-75.0475, 37.2896
93dfa427bfd34620ac04141c0616c764,-77.3926, 36.7083,-75.3642, 37.6493
946c2204ce2f4f00a5fc3f5f37c6ce71,-76.1808, 36.8568,-76.1778, 36.8589
9508bc14a3a44ee2b0e545af265ca44f,-78.0349, 36.4256,-75.2686, 38.279
975d6e118e4547b5a22894d13a636df2,-76.8316, 37.5266,-76.7915, 37.573
985fe4d0a1ba4a96bf978fb3f40a4b94,-180, -70.7319,180, 89
996646c4f65d4316ba2b880f8c31c7db,-77.34901539823925, 37.50832326601729,-76.28448817406955, 37.91088783857668
997b8ae9300f44a58f578cd9c89eecef,-77.16061900215803, 36.64551431755431,-75.93443561003593, 37.70690643707671
9a0fe1e72c40468e9e02f116de341935,-77.4009, 36.5314,-75.628, 37.4636
9ade2fe58daa4bdfa25d13f43fad2ef5,-76.0099, 36.848,-76.0065, 36.8497
9b1a1461888e445b829ea54d3eaf1582,-78.1638850450699, 36.5260669452347,-75.7098286822826, 37.8096596754379
9c6d28fe582c4cbfaead74814a4a265a,-76.6275, 36.9476,-76.1842, 37.1805
9c89f9c15bc240e1ba5cbfa99d2d2335,-77.1608231237386, 36.64551309797665,-75.93443561003593, 37.768851874229235
9c99e67b6b90447fb298e0afad920400,-76.6983, 36.8384,-76.2511, 37.2604
9db6c088bcc041f881928e285f8a7a2f,-77.3324, 36.6645,-75.5594, 37.5342
9dc9a61374cd48ba93ac97b9c7016951,-77.3634999999922, 36.70109999999624,-75.39419999999237, 37.586699999996185
9e0e501c9f984dcbbbcc2a019ba30847,-76.5772, 36.973,-76.1965, 37.1847
9e343dad45b14b57a0436c351366ec78,-77.4802, 36.4017,-75.2827, 38.3362
9e71b623263f4ab18c2200794582493f,-77.2872, 36.7053,-75.5142, 37.6572
9eb07a87cd21480fbd15960451a275e1,-76.5753, 37.6356,-76.5674, 37.6384
9eb09a8423a2453e9d6688a9cbc856e2,-76.0728, 36.8398,-76.0175, 36.8669
9f69a66bfaec4f4392867d3dab063f49,-76.3365, 36.7906,-76.2256, 36.846
a0019b4bc6134996a05d9b7d3841b0d1,-76.7784, 36.6932,-75.966, 37.3529
a04e8d6f08a448e3aa07bd327bb8ecb1,-76.9489, 36.5183,-75.8175, 37.4754
a0baf5e6b1bf4aa1abcbf2017d9093d6,-77.1608, 36.6447,-75.8947, 37.7689
a1e0b34b05db41108627f127e90ad1f9,-77.1605, 36.6847,-75.9761, 37.7177
a1f1f21a427d415bad68d9f84762a09e,-76.8274, 36.653,-75.9321, 37.5143
a23083460fcd4456bc2704227b9cdd03,-77.3634999999922, 36.70109999999624,-75.39419999999237, 37.586699999996185
a307d1636f5f46cdb19e6a9f2885d571,-77.1749, 36.5631,-75.8876, 37.7692
a327d266f43b4620955c78f76f9a885b,-77.2043, 36.5543,-75.625, 37.4492
a40dfae29a7043d49b07d6ae4c3e9798,-77.1457, 36.5944,-75.5459, 37.4354
a4259f545f334c75a91cda806bfba8f8,-77.1492, 36.7175,-76.2383, 37.7692
a46b1f713f3a461fa7b8dd4413237846,-76.6784, 37.0804,-76.4356, 37.2541
a4a6ca91b0164de784683a571aa9f60b,-76.7784, 36.6932,-75.966, 37.3529
a4ab7a2be5e94fa1bd1785e7321037f9,-77.1607, 36.6523,-75.8947, 37.7406
a532e08d53464638834edd278e63bfb2,-78.0349, 36.4256,-75.2686, 38.279
a54c412cdfc74414b2a54242ba967923,-76.8352, 36.7844,-75.8307, 37.2494
a561b25bd2ff4014afbdd39e9bffcafd,-77.15861824951646, 36.5926954467475,-75.90242962606146, 37.70689251385462
a5993bafb02e4f05a12a54060e153637,-77.0065, 36.6785,-75.2335, 37.609
a6317d5e77cc4d5ead8d2499d1af28aa,-76.8274, 36.6523,-75.9024, 37.5144
a6f159d312e340fea725354bb0d938e0,-76.8867, 36.6385,-75.8941, 37.4595
a7161190fd3849f4b12af9428a8d20c6,-76.7887, 36.9606,-76.2867, 37.3002
a7b184a0e6d0412f846dae17e83551dd,-77.2872, 36.7581,-75.5142, 37.605
a81f2aa209814089a4b09b8b6f51f425,-76.8258, 36.9006,-76.2618, 37.161
a8de89dc534446b3807560140aa4211e,-76.7887, 36.6209,-75.9023, 37.0687
a9a771bfef974d5cb8c21a7d0b21a2dd,-76.6828, 37.0565,-76.1094, 37.247
aa6989a6499747a1a46cc5d7a01ed644,-77.1688, 36.653,-75.9326, 37.7696
ab35e59ca10940049e677957bcf2c299,-76.636, 36.9669,-76.1928, 37.2011
abb055e4a90546c9bb072b77bc753b84,-76.6784, 37.0804,-76.4356, 37.2541
ac6094d746e74507801753d6bdad28ed,-76.8883, 36.5614,-75.8946, 37.4467
ac6320c18ee14387a2cb192428f8a239,-76.9622, 36.9844,-76.0757, 37.4301
aca2f5a9ce42416ab10dcc460b195d62,-77.1507, 36.6458,-75.9264, 37.7695
accddb2b5a7442d6bad85e95bb53d8cf,-178.2278, 18.9108,-66.95, 71.3896
acef56a422854dc2842a116e392f74b2,-76.8663, 36.6977,-75.926, 37.4418
ad56a6f75a664190a650e4a4ec4e4fc9,-77.3635, 36.7011,-75.3942, 37.5867
ad74c7ce5be34cb8bcaad6c1682157df,-76.7601, 36.6646,-75.8737, 37.1313
ad976c2023d54f07ba416328c65f9f8d,-77.2161, 36.8265,-76.3297, 37.295
aded07acb13248b1b63b56b5ab28b7a1,-77.161, 37.4268,-76.2745, 37.8699
ae527d11a0b540afbe3116aa4b7df5e5,-78.16388504506986, 36.52606694523468,-75.70982868228265, 37.80965967543788
aedf71c653e9436f82748780e9b618d7,-77.168, 36.6908,-75.9348, 37.7689
af3cce38ae3f436d974a8d96dbf438eb,-78.0349, 36.4256,-75.2686, 38.279
af80504000cc4e4a85f3709e81962198,-77.1842, 37.403,-76.2978, 37.8462
af9947e4d1b04f33885e21aa7709c6d7,-76.9682, 36.5503,-75.8679, 37.712
b05485df1681486a8f20346ee78c2476,-50, -50,50, 50
b19de0af97c64851a68e5a9cc319a106,-180, -89,180, 89
b1b5df84de234ff98c7b811ca1336ecc,-77.1371, 37.4329,-76.3167, 37.7432
b1f86e0b6da34e5392c2176d96b4cd0e,-180, -70.7319,180, 90
b2319bbb2aea4ebc939f0c92f13f1702,-180, -70.7318514348013,180, 89.9999999999175
b25f2e11a4e541b68fd5eb5dfae2fafa,-76.7536, 36.653,-75.9481, 37.0396
b2e147ddf3ff4cf2a6f59dbba5240093,-77.1635, 36.6456,-75.9207, 37.7114
b372541c353640f7b71a74645f879c90,-76.2975, 36.8833,-76.2836, 36.8897
b45acfa3399c4e38b8aae16c38fdf926,-76.3286, 36.8837,-76.3033, 36.8907
b56aaab7add440de982c5214e2178861,-77.1553, 37.4143,-76.3125, 37.7689
b689c0d4eaf94a4186648e39eac49149,-76.7338, 36.8557,-76.0609, 37.3011
b7398e5254a0451ab498cd2defa2ce24,-77.2161, 36.8265,-76.3297, 37.295
b7923301e3594a50a8a26daa7585070b,-76.4546, 36.629,-75.8517, 36.9633
b7b602be9e59476a87afda72228ca988,-77.1606328577961, 36.6447278127969,-75.9344356100358, 37.7069064370767
b852421defae46f1bcb4dcd1becc3f6d,-77.3646, 36.5201,-75.8157, 38.046
b8ff0aa9ba364261a0768d0a9e448e62,-76.399, 36.7587,-75.8758, 36.9373
ba8cee7ba4a34e1a9658ac470a77fd7a,-76.1425, 36.8367,-76.1287, 36.8442
bb0076afbeff46d291c68522d3bcdee9,-77.3238, 36.6273,-75.5509, 37.5638
bb1d70cf5df44894b76e505b72144671,-78.0349, 36.4256,-75.2686, 38.279
bb53e62fe3044d329c156b0f1aef1b68,-76.3145, 37.0208,-76.3137, 37.0214
bc799f26d0844dd68ef65d6784ed0535,-76.0265, 36.8378,-75.9816, 36.8557
bc812e27bb944f908030d4e126141378,-76.698343326237, 36.8384481928772,-76.2511179852727, 37.2604008500076
bd1575dabdda4280a7aa133ef26edd5c,-77.2182, 36.6347,-75.5798, 37.4955
bd7fa33e1f404bb3b09369423008bda8,-77.1553, 37.4143,-76.3125, 37.7689
bdb149b2ec044dad89071eebd0dba94a,-180, -70.7319,180, 89
beb28ab65ed544f49017d54bba27c628,-76.1883, 36.8955,-76.1848, 36.8973
bfb31dc1f1144faf986ca12952109a64,-115.664794033142, 30.5098131286546,-75.0367149608236, 39.3200615744549
bfda16a71a604b60bee4222ab1a836ca,-50, -50,50, 50
c04824f11a5e40b995e02bb0f72d87ca,-76.0490928297665, 36.8396283604414,-76.043483588334, 36.8464188807156
c0bf7626bf7a481fb372bde52260504e,-77.4094, 36.6448,-75.6365, 37.5757
c1c3206b406f44e283daa8722d5470c3,-77.2727, 36.6747,-75.7209, 37.4516
c2c61b10e16a4820aeb9173c36aee619,-77.1749, 36.5631,-75.8876, 37.7692
c41ee8d6efab404bbe5d3264e00d5310,-77.3635, 36.7011,-75.3942, 37.5867
c44dfea5723145659fbe6794dd6e9515,-76.4549, 36.97,-76.3654, 37.0285
c51661867ea14a2787a15ea4e9931bdb,-78.0349, 36.4256,-75.2686, 38.279
c516f63a612f4988be630d5bed359f67,-76.4282, 36.8956,-76.4127, 36.9022
c5230a97bad944b4970c6cb7eeb9b8bc,-76.8192, 36.7274,-75.9966, 37.3866
c5df9f9357c044ad961d439c85b23c42,-77.161, 36.7572,-75.9269, 37.711
c65a347e79174b528ff1d73d6e42b578,-50, -50,50, 50
c65cace417124a8bb7d62069a33eb2c0,-50, -50,50, 50
c66f1856c0c34c888d17aee706584e37,-78.0349, 36.4256,-75.2686, 38.279
c6ffc9ab7cc84364899be39c8658c1e6,-77.0428, 36.5386,-75.5913, 37.2065
c7c3d1788a5a495b980bee41736471cc,-76.473, 37.0226,-76.4453, 37.0371
c7eadf194e1e4a269276c4070532ffc5,-76.8581, 36.6709,-75.7965, 37.143
c85a9bdaa69a4934b9ff17bff80bf572,-78.0349, 36.4256,-75.2686, 38.279
c86f0e6aeaf5425f80ac3326fba8e8cc,-77.7509, 36.4701,-74.8807, 37.6275
caadec79e3c54bd9a15c3ff1b04a8d68,-76.04909282976651, 36.83962836044135,-76.04348358833404, 36.8464188807156
cb9548a03f5b4b86b52784566c935e4b,-77.4812, 36.6606,-75.7082, 37.5956
cc53fa3d4aef4a52ae3e559bc17c2e05,-76.8804711437418, 36.5691459938659,-75.8993123410083, 37.4482486932443
cc7e2a6947bc4f379705a288aad0fbc9,-50, -50,50, 50
cdd018444fad4d61aeaf96f3fd985697,-77.0968, 36.6597,-75.4859, 37.5305
cea3b624a0fd444bbdb8b00470f050e1,-76.6897, 36.623,-75.5616, 37.0319
ced9e66aa7904824ab2ecd5eaff6a092,-77.843, 36.219,-75.47, 38.523
cfca77c950614b9f80596d2c0d7a8f63,-77.1609, 36.6447,-75.8947, 37.7689
d001094e91b1425489f0c20fa65c6f8b,-76.867, 37.5209,-76.7562, 37.5787
d0d5f2695eea41429e5e08be05ab43b6,-76.75168958427676, 36.70713112524925,-75.98242872234977, 37.297015308046625
d17c304057bf4418b7498c8a8f2fb938,-76.8192, 36.7274,-75.9966, 37.3866
d180e02e61c941d5892546ab8399e2a1,-77.1743, 37.393,-76.2945, 37.7913
d2ed55685970438e81422207a4448e3f,-77.3095, 36.624,-75.5366, 37.5551
d2f406547e7a4ad3990070050ab1d767,-76.7536, 36.653,-75.951, 37.4094
d35b9ec3f9ba4e99b6d1e40d77feb28b,-76.5782, 36.6887,-76.1092, 37.1672
d398c2d09b1f4f44ae123dfd4367521f,-76.7562, 36.5993,-75.8698, 37.0445
d39e1a4e00db4bdeaff33f7ad6043b26,-77.1834, 36.5976,-75.8873, 37.7703
d49178d798bb4f769e899dc3d640a7a3,-77.1673, 36.7321,-75.9411, 37.7689
d4a012d16c6b4e7a8d480bf7ee56d71b,-77.1109, 36.3355,-75.338, 37.222
d4ad5e1e402149ccb7b9a2680a4d7483,-76.4593988973585, 37.1949844881977,-76.4422434885045, 37.2087087696453
d4e7f6867e8f40768a457087d5ef4bb6,-76.9616, 36.9301,-76.1322, 37.3287
d5770378234042f78d1d7a7536f66687,-77.4364, 36.6501,-75.6306, 37.5531
d5b0c93b15274d749cb736dc081fafa3,-77.2239, 36.598,-75.4509, 37.5295
d66cc46f3ae44160b069c2dfe37a5b1d,-76.4141, 36.9072,-76.1619, 37.0528
d772858fc522405f93148f68cce59fe0,-78.0349, 36.4256,-75.2686, 38.279
d915b990b0544b5e958a8071c147c29c,-76.8384, 36.6981,-75.8413, 37.1187
da4222ba878b42ee89dbff81497ee545,-50, -50,50, 50
da8fc35e352f4f55901c125ff3c8a861,-77.29922586550362, 36.880047144440546,-76.15465658946543, 37.38293248913504
db6c06b904104e058556001014f674ba,-76.9748, 37.0356,-76.8225, 37.2318
db72b50294e64d6f88c02126af28cbca,-76.8663, 36.6977,-75.926, 37.4418
de8bc356069b4bdebe844b6ec91cfee2,-77.1743, 36.5417,-75.894, 37.7913
dea900c2e76f44d095a305f1bd29f33b,-76.9188, 36.6451,-75.8965, 37.5273
debd107f0a2f4ed0bfba6d1b4c8c8c16,-75.9799, 36.8369,-75.9754, 36.8384
df874277fd424824b36b845dc284a184,-78.0349, 36.4256,-75.2686, 38.279
dffc83b059dd459ebf28d1bc2cb62d6f,-78.2226, 36.1751,-74.6767, 38.0368
e02e42bccda94277aa3b5c706f3de72c,-76.9188, 36.6451,-75.8993, 37.4459
e031bc68d8ff486198cb863d1fe0c74a,-77.1608369510246, 36.6447280829944,-75.934447536345, 37.706930840818
e09ff51c5cc048b796dfe367af4df3ea,-77.1657, 36.5401,-75.8364, 37.4638
e0b6fcdc335d4d3d89089c507ebaf355,-75.9803, 36.767,-75.9664, 36.7743
e0c21483293e447e87d469edfc7ac9f1,-77.14226219214578, 36.77299629734215,-75.9742459230103, 37.70697394689103
e0d6738cf85546e2acd258e593989eb6,-77.2264, 36.5515,-75.4534, 37.4836
e1684033bb284a98afb2a41a8afa0033,-77.1628, 36.6523,-75.8947, 37.7407
e21b1d007db6453e8b0585d2e7696974,-77.1609, 36.6447,-75.9344, 37.7689
e220a449c27445cc98c4b26928f1ab19,-180, -70.7319,180, 89
e223cab8b01c45308d5e7091b5c88dff,-77.1492, 36.7175,-76.2383, 37.7692
e247d0f5cfd64a3aa510fb7dc6bf9b33,-78.0349, 36.4256,-75.2686, 38.279
e2cb189e51fe4bc1a2b2c36489dda87a,-76.9249, 36.6622,-75.9746, 37.4145
e30f38522601408086ade72b44963b81,-180, -90,180, 90
e33368ae6f994c9fbb6b511ed0b8b2f2,-76.7528, 36.6568,-75.9524, 36.9484
e34544c633b44a1b82048d79bd6b5693,-76.44952707513697, 37.201452814335724,-76.44333938124808, 37.2052758681992
e34b77672b4d4fa6920243950ecc4031,-180, -70.7318514348013,180, 89.9999999999175
e35e8f3d025149f39126728272ef11d8,-78.16388504506986, 36.52606694523468,-75.70982868228265, 37.80965967543788
e4103a762dbb40f5a4c6479b2f6b27ae,-77.2838, 36.7021,-75.5109, 37.6323
e546042ffb2240c0afa467204c51196a,-76.8186, 36.7029,-75.9369, 37.4395
e575bfb21b06430a98febc1d9d9891f8,-76.4531, 36.8523,-75.9842, 37.0302
e5ce7389beb849da9b6487ad9528c40a,-76.7537, 36.9435,-76.0451, 37.2507
e613b6e9fcfe43b2a172ce97f420f55f,-76.6146, 36.948,-76.1714, 37.1809
e61e1b7a10bf4aa48c2516180e02ce80,-76.36, 36.7549,-76.0235, 36.9768
e641f4fc7cc443fa9a11170ec2054787,-76.87, 36.6917,-75.9734, 37.6722
e66cdf296cdd4ec99081a2812bd30d3a,-77.349, 37.3004,-76.2407, 37.9109
e76563383ce444dca1e104b694b79e4a,-77.523, 36.9039,-75.75, 37.8316
e7948aff0edb41bb93e68fa15cd4db50,-77.1423, 36.773,-75.9742, 37.707
e8194a8f89824bc289fdc8e1c28e7853,-77.128, 36.3847,-75.9998, 36.908
e837d1004f8f4496883e64d77734cca6,-78.0349, 36.4256,-75.2686, 38.279
e86e4f66455540688722d306cfad257b,-77.2895, 36.5224,-75.5166, 37.3981
e917615f84424a76b543ea75b5ef6de7,-76.6554966537416, 36.8592162806826,-76.4103933523739, 37.2558600123489
e94cbac4141d4b1d9c1d6b81dfd33ce1,-76.6891, 36.6398,-75.6749, 37.1149
e9da5d2111b64cd794bf2def3a963a80,-77.363, 36.634,-75.394, 37.654
ea761477e21d4043bb1aacb63c6df2d9,-76.4188, 36.7951,-76.0308, 36.9898
eb343cd794464024bc2d276701720f1e,-77.16571660892708, 36.562131699596044,-75.83637584667476, 37.441525943022846
eb6c9e073e444d4b934fe2c54fa47ba8,-76.9727, 37.0315,-76.8223, 37.2313
ed4a262ac9884e7a9fcd89531400f254,-76.8226, 36.8596,-76.1091, 37.414
ede0ec46a3e5465fad2313bdc43afb88,-76.4733182781895, 37.1141746497517,-76.4344149381802, 37.1329659538836
eeb0192b2ccb452bad82aa66bbf0ea0e,-77.1422621921458, 36.7729962973422,-75.9742459230103, 37.706973946891
eee680813eb04c3795378c6d7c6f40be,-77.1367, 36.655,-75.9286, 37.7102
eee76c3f45a74e2ba410c8c634dba5d2,-76.9182, 36.8165,-76.0318, 37.2824
f0f36334d9d64b95a4176cfbf9f2d555,-78.0349, 36.4256,-75.2686, 38.279
f223212b32734a0f846baf41169eef8c,-77.461, 36.3076,-75.2967, 37.9736
f2326a46b51b4bafb78c4cc45926719c,-78.0349, 36.4256,-75.2686, 38.279
f248fd253e304ec7858c41d45296d1a7,-76.39897798173021, 36.890951016705614,-76.32140739031432, 36.92883013976975
f29afda3f509422ea38d6aab161d1d90,-76.6838, 36.8401,-76.2641, 37.2568
f3540bec66734dfc8ae243118988c1ff,-76.6483, 36.7647,-75.9563, 37.2166
f3eefdeb997b471b9e8f6daacb95432f,-76.9334, 36.5321,-75.8314, 37.6023
f3f85046d169438594c7eeb9ef5f89d7,-76.80695098260094, 36.71542693490619,-76.18787869244689, 37.38188742376667
f4c3bd253ce844fe9215045060f6e37f,-77.1601, 37.4168,-76.3022, 37.7692
f5647c9be4ad47bb8167f1fd68d8981a,-76.4536, 37.1996,-76.4397, 37.2069
f5ddc36d8f12483fbe9a72d56ba3a884,-76.795, 36.9607,-76.2898, 37.4135
f608dc2081f54f1faa01da2aa2835197,-76.5925, 36.565,-76.1756, 36.8478
f610a4ffe03040b2ad7cbba161b502a8,-76.8271, 36.6447,-75.9418, 37.6182
f6cb06e6e7274c81ad65fb27b8782349,-76.7147, 36.555,-75.8282, 37.0224
f71f8bad7f0d4dd281ac150506d7ba9e,-76.2372, 36.8457,-76.069, 36.954
f844de17c2df4690bfa213622ff3bebd,-76.828, 36.6527,-75.931, 37.5388
f858c1cf7d874ebe94f0d69f2e5c8b54,-76.7939, 36.7322,-75.9664, 37.3002
f94b8abc1af3464993a50c05f9f6dbd8,-76.8163, 36.6927,-75.9551, 37.6373
fb323b46840e42239e90304a45fd7c92,-76.8163, 36.6927,-75.9551, 37.6373
fc090be020af466b9d04069fdf88b8a1,-77.4142, 36.7321,-75.6412, 37.6619
fc32c22c4a6145eab921db9c9272d10a,-77.3634999999922, 36.70109999999624,-75.39419999999237, 37.586699999996185
fc89db201afa40fcace6ebaf44494829,-77.3401, 36.6176,-75.4477, 37.6555
fda2715c325f430bb37b74abbd1d2852,-78.3017, 36.2629,-74.7558, 38.1225
fda9164664cd4ab3ac5dbd8a12ea15a4,-76.4282, 36.7405,-75.985, 36.9619
febf69fcf85c43fda0ef122a26ab3904,-76.8192, 36.7274,-75.9966, 37.3866
ffdef9e4038a43d0a9ec3378535d97e9,-77.3635, 36.7011,-75.3942, 37.5867
